x,y,start,end
68.83163522020708,212.9978269663047,20279,20780
73.66717679968093,222.30217481091816,22202,23347
