from_x,from_y,to_x,to_y,distance,duration_sec
68.83163522020708,212.9978269663047,73.66717679968093,222.30217481091816,10.485864350657206,1.422
